origen,destino,distancia
0,1,0.012786209421267628
0,2,0.01761441273895555
0,3,0.03104024830139978
0,4,0.016639322339332522
0,5,0.02761140955681748
0,6,0.01812798201740542
0,7,0.03255162489038287
0,8,0.013671435679558275
0,9,0.0264045294564378
0,10,0.006326007789175376
0,11,0.011947112644877014
0,12,0.018947237375158996
0,13,0.010178824149925565
0,14,0.00946021758104123
0,15,0.019871859132346584
0,16,0.02422848447559445
0,17,0.01527146646686379
0,18,0.01700362452914294
0,19,0.02206880420834804
0,20,0.017078785844011273
0,21,0.014238800427767763
0,22,0.018975137597433724
0,23,0.026753755359933205
0,24,0.015436157918806901
0,25,0.01248737011920538
0,26,0.014900493254711536
0,27,0.02419459741044142
0,28,0.007798486994299736
0,29,0.005886381573229443
0,30,0.032939245787431765
0,31,0.03661437038820306
0,32,0.006423734328901127
0,33,0.024282731278944168
0,34,0.02575770187769734
0,35,0.027670266122314418
0,36,0.01407929047241743
0,37,0.03628305440854415
0,38,0.0214119214121536
0,39,0.022942385891146607
0,40,0.012815713535983039
0,41,0.03152418673399131
0,42,0.023493080636286644
0,43,0.01902228932344267
0,44,0.01673381568907616
0,45,0.0268317837527782
0,46,0.03406131849370171
0,47,0.01148563447121776
0,48,0.018795713701340647
0,49,0.02282450064850884
1,2,0.005097478488540918
1,3,0.0229746781230902
1,4,0.014237190404648123
1,5,0.029186699537033137
1,6,0.023010825003817428
1,7,0.025144148568701983
1,8,0.005669696818461502
1,9,0.01674383166946178
1,10,0.007131282389952994
1,11,0.004167067945944003
1,12,0.009962549809241576
1,13,0.002613649096932084
1,14,0.004475800801174267
1,15,0.018417985887863128
1,16,0.029886719447247787
1,17,0.007251646896632842
1,18,0.01462550864652039
1,19,0.021161483176596232
1,20,0.014937725664709854
1,21,0.012996349716028413
1,22,0.014075709922753588
1,23,0.030356406106542676
1,24,0.0031002295957499627
1,25,0.018185337962036165
1,26,0.008442893179666932
1,27,0.028596614947160807
1,28,0.006637289743258123
1,29,0.009101256489380934
1,30,0.02877549112544903
1,31,0.02773370916767876
1,32,0.014318141802293974
1,33,0.018932415179666155
1,34,0.017950219442060274
1,35,0.02424921411225904
1,36,0.01850389254642606
1,37,0.028518383833176016
1,38,0.011408183242286056
1,39,0.022259870432835532
1,40,0.0041736373147650795
1,41,0.025501736733410486
1,42,0.014327676863124616
1,43,0.008023154740335946
1,44,0.021620540960792963
1,45,0.022727526636690643
1,46,0.02781951451638085
1,47,0.012445180237605167
1,48,0.02051565615453908
1,49,0.024352169078643234
2,3,0.02304976013602356
2,4,0.017736089193980738
2,5,0.0294291737750335
2,6,0.024916868866835792
2,7,0.025467329912488255
2,8,0.006298089384383146
2,9,0.01626241703874656
2,10,0.01154193585293946
2,11,0.008505446238598917
2,12,0.011181330437162912
2,13,0.007620942086274333
2,14,0.008424530739927367
2,15,0.021765621310061985
2,16,0.031660243619911356
2,17,0.009995316662621496
2,18,0.01808207761174135
2,19,0.024466796178378065
2,20,0.015124416373921286
2,21,0.01698948974907816
2,22,0.016691997906319457
2,23,0.031330171368769526
2,24,0.0021802169636364077
2,25,0.020828686166818357
2,26,0.008347355681729245
2,27,0.029964378501415926
2,28,0.011705956373928943
2,29,0.013134507614860456
2,30,0.030477100284476304
2,31,0.02704362833724857
2,32,0.018090577558809787
2,33,0.020766208399668012
2,34,0.018599498203221404
2,35,0.02648937139871937
2,36,0.020692096996850866
2,37,0.02846927465435577
2,38,0.011458776989712188
2,39,0.025562447826197786
2,40,0.0058105512411003694
2,41,0.026528705715383922
2,42,0.014531140403349407
2,43,0.008008621635679928
2,44,0.023644213231650436
2,45,0.024792425648537307
2,46,0.02861568483415405
2,47,0.016982252525740253
2,48,0.02148663150863149
2,49,0.024892802555034135
3,4,0.015583359755059195
3,5,0.05204270792925175
3,6,0.04578667970784533
3,7,0.0025886337411611124
3,8,0.02824363289079134
3,9,0.006901882613714743
3,10,0.028444238508103552
3,11,0.020456515477703607
3,12,0.013089916326037876
3,13,0.02415835499909338
3,14,0.02701973809672436
3,15,0.01505713445479401
3,16,0.052650788801901674
3,17,0.01649603964652724
3,18,0.015377613546495578
3,19,0.015504325742263696
3,20,0.03767222134353642
3,21,0.017814643579196016
3,22,0.012412941212519844
3,23,0.05332979833997155
3,24,0.023559950970531623
3,25,0.04059919621870225
3,26,0.030869620945303274
3,27,0.051519291764007075
3,28,0.02362516469817537
3,29,0.030675008454415252
3,30,0.010759658789669106
3,31,0.0057968786104915185
3,32,0.03559236207831903
3,33,0.008156177315360325
3,34,0.00530609916814794
3,35,0.010811696004199654
3,36,0.04121679001962862
3,37,0.005544178113295103
3,38,0.011725096431409695
3,39,0.015882134941655916
3,40,0.026962899014077946
3,41,0.005498835612570581
3,42,0.00868018586359667
3,43,0.0152725814836131
3,44,0.04435923230799584
3,45,0.009372272808763333
3,46,0.00636047246994019
3,47,0.02066913056836392
3,48,0.04348680567795245
3,49,0.04727489720823408
4,5,0.04175468883048101
4,6,0.0336369447482364
4,7,0.016555224467203426
4,8,0.0197150667559276
4,9,0.0134035809029444
4,10,0.016240097421235996
4,11,0.010110978885026652
4,12,0.008580251449789866
4,13,0.013669386595291877
4,14,0.01635541697115742
4,15,0.004189730653563105
4,16,0.040229822200488596
4,17,0.007787701858524825
4,18,0.00041228055294069177
4,19,0.006929970895566101
4,20,0.02827200256390601
4,21,0.0024199501029976813
4,22,0.0034427309282218507
4,23,0.04195776082900037
4,24,0.016698411378471938
4,25,0.028026642743356794
4,26,0.022431044322424255
4,27,0.03969942272347806
4,28,0.01070347810371994
4,29,0.018225423242653603
4,30,0.016382037744462938
4,31,0.021379246135890755
4,32,0.02226298995523445
4,33,0.007884084278562282
4,34,0.010799385503634958
4,35,0.011197111419383373
4,36,0.029139996630314136
4,37,0.02030167118883698
4,38,0.010864789426375015
4,39,0.008025858682706263
4,40,0.018148333518532043
4,41,0.01501885698830915
4,42,0.010745637546663713
4,43,0.011659625185052366
4,44,0.0321790117964511
4,45,0.010210165842733218
4,46,0.01755434413593078
4,47,0.005313974931557141
4,48,0.0326936736387719
4,49,0.036792076589672325
5,6,0.010351631301957829
5,7,0.05429066765623842
5,8,0.02380024632461158
5,9,0.04549202160442463
5,10,0.025550878369048586
5,11,0.032456825166984046
5,12,0.03914279741186223
5,13,0.028564770484474037
5,14,0.025670768965291642
5,15,0.04574170305333418
5,16,0.00932177598534909
5,17,0.03625269546046848
5,18,0.04216636834835044
5,19,0.04831812102159486
5,20,0.014385140564660465
5,21,0.039719774001459686
5,22,0.042682497230784634
5,23,0.004609395185161764
5,24,0.028547530080122067
5,25,0.015346605688546093
5,26,0.02122316177716313
5,27,0.006549513596037311
5,28,0.031074937279161458
5,29,0.023730220854000773
5,30,0.05761698951256406
5,31,0.05641380487527494
5,32,0.021235126036992038
5,33,0.047877076889423366
5,34,0.04712195994158956
5,35,0.05274663915697583
5,36,0.01356990326980389
5,37,0.05756633244813065
5,38,0.0403294197141857
5,39,0.04933138181623755
5,40,0.025099630853936846
5,41,0.05465861157037213
5,42,0.043362779473365275
5,43,0.03679101135291687
5,44,0.011413638718975362
5,45,0.05142472095012149
5,46,0.057000911758897356
5,47,0.03763506201099085
5,48,0.009081612592535288
5,49,0.004963362024454148
6,7,0.04779536849804667
6,8,0.01863872451381284
6,9,0.03974887313156008
6,10,0.017618709540151958
6,11,0.025397063788987602
6,12,0.03270097294155854
6,13,0.021629200992182445
6,14,0.018775574488178418
6,15,0.03736958494215937
6,16,0.006877639058190068
6,17,0.029361975557826114
6,18,0.034038878104568425
6,19,0.03978857021980796
6,20,0.011133753564691156
6,21,0.03140669209178666
6,22,0.035136164187641546
6,23,0.008635838394246247
6,24,0.023408366389914847
6,25,0.0056817968265815855
6,26,0.016792923241651474
6,27,0.006100931036504034
6,28,0.023035439265115875
6,29,0.015482541468864642
6,30,0.04993148822574855
6,31,0.05072563208118402
6,32,0.011735369531354841
6,33,0.04050747591734901
6,34,0.040593885944426866
6,35,0.0448258584639698
6,36,0.004582223889564719
6,37,0.05131560557792217
6,38,0.03440175907605187
6,39,0.04073672336256681
6,40,0.01947745857140405
6,41,0.04760420385892534
6,42,0.03724668207632863
6,43,0.031028247865445814
6,44,0.0014593529911242848
6,45,0.04370245498160601
6,46,0.05006432609181912
6,47,0.029001555018394534
6,48,0.005222802562211872
6,49,0.006736863631533993
7,8,0.030511381323242638
7,9,0.009439837666392671
7,10,0.03032834993593475
7,11,0.022403296976669967
7,12,0.015191964422760926
7,13,0.026182058481484145
7,14,0.029072104867321147
7,15,0.015371577924874955
7,16,0.05464163457426163
7,17,0.018435200813880687
7,18,0.01629799614872192
7,19,0.015356949354590277
7,20,0.039943782923614536
7,21,0.018894504713498343
7,22,0.013643073968856159
7,23,0.055464125297826496
7,24,0.025887852915880596
7,25,0.0425232022086045
7,26,0.033170698034120524
7,27,0.05359205714026211
7,28,0.02533151214735274
7,29,0.03254880809889925
7,30,0.008713175500895343
7,31,0.005639180209035563
7,32,0.03736197370961065
7,33,0.00873721576836916
7,34,0.007213904876350307
7,35,0.009854793265001298
7,36,0.04321619840699855
7,37,0.0037556640622322594
7,38,0.014060446660135869
7,39,0.015559002274492124
7,40,0.02919149947972772
7,41,0.003644237880653618
7,42,0.010983455887977344
7,43,0.017601923559283195
7,44,0.046358027417678055
7,45,0.008762210206232988
7,46,0.003844231460582645
7,47,0.021796251851554396
7,48,0.045653560433564465
7,49,0.04948874426931399
8,9,0.02172658973363964
8,10,0.0073922963936584605
8,11,0.009619687825740162
8,12,0.015439306420962386
8,13,0.006246832196669149
8,14,0.004558591613189155
8,15,0.02390450533168246
8,16,0.02541582963909836
8,17,0.0129196764881334
8,18,0.020113755392406455
8,19,0.026641345678081598
8,20,0.00943266599554711
8,21,0.01824939119650103
8,22,0.01973699137701895
8,23,0.025329062730311065
8,24,0.004849445331624622
8,25,0.01457985182960835
8,26,0.0027732076899536348
8,27,0.02381590667733663
8,28,0.01049055092111858
8,29,0.008154699131067863
8,30,0.034434506445879774
8,31,0.03269506726323594
8,32,0.012478547313669965
8,33,0.02458810456213513
8,34,0.0233756600391081
8,35,0.02991569410561512
8,36,0.014394401916948716
8,37,0.03376612619022364
8,38,0.016529679418411613
8,39,0.027733180254287903
8,40,0.0015680135431364178
8,41,0.03106009087441806
8,42,0.019564536826865625
8,43,0.012994796889607405
8,44,0.017352785744408433
8,45,0.02839705858148106
8,46,0.03333263417294529
8,47,0.01721082467083805
8,48,0.015440230062341654
8,49,0.01907169955255097
9,10,0.02286525581999593
9,11,0.014906522018834705
9,12,0.007483785416900349
9,13,0.01828992696881403
9,14,0.02102724419401509
9,15,0.014802297995611271
9,16,0.04662614968022269
9,17,0.011168225999263086
9,18,0.013378219368894908
9,19,0.016383975499583557
9,20,0.03110729500910536
9,21,0.015055359072290234
9,22,0.009984992013077218
9,23,0.0469983089142052
9,24,0.016944506364434307
9,25,0.03478597817258841
9,26,0.024270202370278594
9,27,0.04532071098254435
9,28,0.01865531209765461
9,29,0.025086998785179507
9,30,0.016291609337863534
9,31,0.010998563860472552
9,32,0.03020492319041012
9,33,0.008957400347062256
9,34,0.004248538152790789
9,35,0.014246481039036944
9,36,0.03522324182045423
9,37,0.01221373392257335
9,38,0.005354766302311148
9,39,0.017153371762025204
9,40,0.0205421015806044
9,41,0.011381486890387593
9,42,0.002953309469170385
9,43,0.008767924007419476
9,44,0.03835039156426806
9,45,0.012403930298894462
9,46,0.012977667827325949
9,47,0.01753370396231078
9,48,0.037115137333025114
9,49,0.04079800526136366
10,11,0.008012196202758337
10,12,0.015493868320779139
10,13,0.004774541547506964
10,14,0.003173335277497038
10,15,0.020191233835408162
10,16,0.024390892785284477
10,17,0.011950885909169885
10,18,0.016650097628916602
10,19,0.022774442179283382
10,20,0.01275833471778759
10,21,0.014168935831319765
10,22,0.017524358505098658
10,23,0.025761860329526962
10,24,0.009371351659103858
10,25,0.012204645465685674
10,26,0.008946691244354245
10,27,0.02359788892610976
10,28,0.005537036821846953
10,29,0.0022335437463785867
10,30,0.03237691197201646
10,31,0.03365312393790894
10,32,0.007382323235782984
10,33,0.022889177605973473
10,34,0.02317654534243846
10,35,0.02734867469896224
10,36,0.013051526229069924
10,37,0.03392557284149471
10,38,0.017558641421378727
10,39,0.023797215918676642
10,40,0.006490318764882359
10,41,0.029996560866924572
10,42,0.020143436676981603
10,43,0.014563980393756287
10,44,0.01616290451594442
10,45,0.026146538730970437
10,46,0.03246845170935634
10,47,0.012189149298436034
10,48,0.016474165431361317
10,49,0.020588396414388456
11,12,0.0074866743418995916
11,13,0.0038939668148095506
11,14,0.006804378783400974
11,15,0.014299724643828764
11,16,0.03223846088608852
11,17,0.003969108872154046
11,18,0.01050567754065952
11,19,0.017040948328226276
11,20,0.018494336185587865
11,21,0.008833021879778392
11,22,0.01028409632958457
11,23,0.03322122419935736
11,24,0.00695062733397306
11,25,0.020143534139851187
11,26,0.012359409303829259
11,27,0.03124273279178547
11,28,0.0042830729096555225
11,29,0.010245555988425527
11,30,0.02518242045215198
11,31,0.02564226855896804
11,32,0.01530422802190953
11,33,0.015420765258347381
11,34,0.015215038364611617
11,35,0.020453877996328144
11,36,0.020816089439695852
11,37,0.02595873647508278
11,38,0.009668089045407988
11,39,0.018136440295473642
11,40,0.008057595784234334
11,41,0.022313994293889264
11,42,0.012141777423656729
11,43,0.007075888241716655
11,44,0.023956908443909113
11,45,0.019028784813924175
11,46,0.02473127666975152
11,47,0.008486246366283303
11,48,0.023551157843770272
11,49,0.027538619146571842
12,13,0.011079068903698398
12,14,0.01393017122143434
12,15,0.011809321006881323
12,16,0.03956882306076829
12,17,0.0036857991364716456
12,18,0.008772222921271104
12,19,0.014271799917246676
12,20,0.02484479582501863
12,21,0.009249955017582344
12,22,0.006178015466672648
12,23,0.04027503207766886
12,24,0.011056184643466404
12,25,0.027563824565751578
12,26,0.018159599024586567
12,27,0.03843345205515418
12,28,0.011177855375957883
12,29,0.01772592200256874
12,30,0.019318596253621045
12,31,0.018160315013716566
12,32,0.022783801389450378
12,33,0.0095873123081477
12,34,0.007988834458563894
12,35,0.015358362730942291
12,36,0.028135030754805605
12,37,0.01862774147098137
12,38,0.0026883496237547154
12,39,0.015311778126725517
12,40,0.014058058394224257
12,41,0.015633960398542215
12,42,0.0046573684944779805
12,43,0.0034767061445465292
12,44,0.031276680730019095
12,45,0.013629040198430238
12,46,0.017893826094507143
12,47,0.011088728938435242
12,48,0.030462381851401783
12,49,0.034314718132170866
13,14,0.0029162605732352873
13,15,0.01784013640476808
13,16,0.028492625181461367
13,17,0.007783654323560498
13,18,0.01407627557368299
13,19,0.02055823117063804
13,20,0.014671963383481076
13,21,0.012059166852490814
13,22,0.014145564927975456
13,23,0.029353490380230114
13,24,0.005505412910204268
13,25,0.016509165554054538
13,26,0.008844947738992543
13,27,0.027415130414176272
13,28,0.004457924097991384
13,29,0.006906500689340746
13,30,0.029064085791916553
13,31,0.029187380041927512
13,32,0.012130574140198275
13,33,0.019314141721519736
13,34,0.018972830550075946
13,35,0.024288180866231416
13,36,0.017058538190589938
13,37,0.029686474927693392
13,38,0.012944907893311723
13,39,0.021639938821712536
13,40,0.004709661460211197
13,41,0.026191093282901298
13,42,0.01566769955325367
13,43,0.009827421514363421
13,44,0.02020089785676268
13,45,0.022895388608290556
13,46,0.0285950839801874
13,47,0.010973569251145635
13,48,0.01966004081642165
13,49,0.023644765241052527
14,15,0.02048827835022988
14,16,0.02564834427613295
14,17,0.010696114088832812
14,18,0.01676612928494559
14,19,0.02317846384216001
14,20,0.01191682049001202
14,21,0.014585630124349396
14,22,0.01701646080060735
14,23,0.026439797475226665
14,24,0.006275050686063149
14,25,0.013775617342570452
14,26,0.006680454252013679
14,27,0.024519952284787795
14,28,0.006239137988750694
14,29,0.004762571716603778
14,30,0.03194741725829199
14,31,0.031973525275730136
14,32,0.009907246721933936
14,33,0.022217911992730318
14,34,0.021859507810724783
14,35,0.02712691875783293
14,36,0.014219474355994015
14,37,0.0325549711746597
14,38,0.015672478930144926
14,39,0.024246499629507524
14,40,0.003408372877290472
14,41,0.029107347725620184
14,42,0.018474995516140715
14,43,0.01240760330154112
14,44,0.017357640118055243
14,45,0.025764145157596244
14,46,0.03150998849756467
14,47,0.013144705378159276
14,48,0.01674678301559094
14,49,0.020742561891593576
15,16,0.043851826334929914
15,17,0.011770606504185856
15,18,0.0037943642715771494
15,19,0.0027435351276082183
15,20,0.032401858262637716
15,21,0.0060230290340663
15,22,0.005666998667869725
15,23,0.04578732428566837
15,24,0.020823489918464666
15,25,0.03171559809539632
15,26,0.026617999337265066
15,27,0.043458250624961905
15,28,0.014671311410443111
15,29,0.022089501934299184
15,30,0.013213930300923769
15,31,0.020722946967118475
15,32,0.025819927954495624
15,33,0.006913153254126759
15,34,0.011252365930655692
15,35,0.007912551170110992
15,36,0.03292861288177885
15,37,0.018963465136647782
15,38,0.013645775169378848
15,39,0.0038428263371495046
15,40,0.022337609130519517
15,41,0.013036998542305262
15,42,0.012646632792240117
15,43,0.01516259195269822
15,44,0.035917345377914814
15,45,0.007475958499572265
15,46,0.01546672909744936
15,47,0.008424327958364897
15,48,0.03666523484298141
15,49,0.04077882197214509
16,17,0.03620648205934336
16,18,0.04062630538472605
16,19,0.04619211408268998
16,20,0.017254102231907622
16,21,0.037949496051979593
16,22,0.04186676318649023
16,23,0.005019841820268781
16,24,0.030219513376844382
16,25,0.01222972118497349
16,26,0.02342580856337581
16,27,0.0029238104934113497
16,28,0.02972953891777277
16,29,0.022216196602750055
16,30,0.056581005753898926
16,31,0.05760321525410962
16,32,0.018035148133718405
16,33,0.04725359082490996
16,34,0.04744633256074127
16,35,0.051426573456120644
16,36,0.011434103005397014
16,37,0.058175846431153054
16,38,0.041279365367071975
16,39,0.04710567510745664
16,40,0.026311744957369973
16,41,0.05438627675048691
16,42,0.04412176860594815
16,43,0.03790202973421765
16,44,0.00829214718484176
16,45,0.05036129489637181
16,46,0.05685914479247047
16,47,0.03543807977080027
16,48,0.010661097630764983
16,49,0.009213648355698911
17,18,0.008116460668997164
17,19,0.014473404948905562
17,20,0.022128032040299794
17,21,0.007448240028796204
17,22,0.006893885415722082
17,23,0.03713590986168187
17,24,0.00917989508264961
17,25,0.024109095443848587
17,26,0.015692348815957238
17,27,0.03518998257912524
17,28,0.007493152580820582
17,29,0.014183236360634198
17,30,0.021529711265911352
17,31,0.021742666156570858
17,32,0.019170796178702414
17,33,0.011694167767237812
17,34,0.011246344165993913
17,35,0.017022733308866188
17,36,0.02478185334379318
17,37,0.021991691714059486
17,38,0.006177450463426975
17,39,0.015570224967812471
17,40,0.011419827293658523
17,41,0.01842586199462585
17,42,0.008310464782741977
17,43,0.004710371462980349
17,44,0.027923308603293825
17,45,0.015478907574984565
17,46,0.02081557643924475
17,47,0.008461343061831004
17,48,0.02741484155051598
17,49,0.03136096774255481
18,19,0.006536993459189572
18,20,0.028682571282080304
18,21,0.0027679164983268156
18,22,0.0033936174053431686
18,23,0.04236454005359225
18,24,0.017067047604819384
18,25,0.02842576751544453
18,26,0.02283233729253047
18,27,0.04010297809126951
18,28,0.01111328404026745
18,29,0.018632158291383618
18,30,0.015995658125751495
18,31,0.021174487985696603
18,32,0.022653217310530716
18,33,0.007600574193095626
18,34,0.01066237242564361
18,35,0.010800333341711973
18,36,0.029544351888868562
18,37,0.020039239418087825
18,38,0.01100001248083963
18,39,0.0076345652027600885
18,40,0.01854739110827605
18,41,0.014699858809543416
18,42,0.010766062900595388
18,43,0.011905461210560221
18,44,0.03258112840435028
18,45,0.009834840470291218
18,46,0.01723285673948057
18,47,0.0056363879628079
18,48,0.03310493374196588
18,49,0.0372037072352114
19,20,0.03508379444935312
19,21,0.008631899809594685
19,22,0.00809571841059509
19,23,0.04825901514514669
19,24,0.023556257322189418
19,25,0.034117760336836826
19,26,0.029349969143028686
19,27,0.045886293081923483
19,28,0.017281653969473437
19,29,0.02461852043561076
19,30,0.011646652937306691
19,31,0.020917308246362662
19,32,0.028161366358279524
19,33,0.00773225088507098
19,34,0.012484515870321572
19,35,0.006525994381068036
19,36,0.03538926700289628
19,37,0.01872612540341145
19,38,0.015902036411719736
19,39,0.001100968637694133
19,40,0.02507402805301513
19,41,0.012523956230284633
19,42,0.014544502296551373
19,43,0.017686679998793954
19,44,0.03834207704964571
19,45,0.006748080505588681
19,46,0.014767423204310093
19,47,0.010787885740179776
19,48,0.0392370763964818
19,49,0.04335780736412038
20,21,0.026470541458621877
20,22,0.028777234299788814
20,23,0.01627006832493873
20,24,0.014163078902710022
20,25,0.009720753607783654
20,26,0.006842705944664272
20,27,0.015171311672519616
20,28,0.01792051774311391
20,29,0.011619193600769634
20,30,0.043637908241323686
20,31,0.04203847619928139
20,32,0.012134328391897023
20,33,0.033818887789868725
20,34,0.03280050981608633
20,35,0.038946199157083375
20,36,0.008328315243244247
20,37,0.04318964158167664
20,38,0.025952378859111124
20,39,0.03614628152581857
20,40,0.010789841093053419
20,41,0.04043566426241043
20,42,0.028994688490628563
20,43,0.022410667593340473
20,44,0.010257126027502953
20,45,0.0375153806159514
20,46,0.04273522170544744
20,47,0.02481421050659481
20,48,0.006629150102329985
20,49,0.009768500142722228
21,22,0.005434830400609984
21,23,0.03978813330162614
21,24,0.015703640299066096
21,25,0.025771425069712882
21,26,0.02090092278120851
21,27,0.03748545437647749
21,28,0.00865578277987045
21,29,0.016074014586420302
21,30,0.018731896517334173
21,31,0.023598253711765858
21,32,0.019947549058080608
21,33,0.010273031058934816
21,34,0.01286514181519989
21,35,0.013502532000915805
21,36,0.026940492052062295
21,37,0.022647329378400076
21,38,0.011795575257613211
21,39,0.009681195771906778
21,40,0.016684757574061758
21,41,0.017434120332485134
21,42,0.012240088929637056
21,43,0.011873734984821575
21,44,0.029951309467339263
21,45,0.012594095514557948
21,46,0.019970613248544572
21,47,0.0029105738624373243
21,48,0.030642591541662337
21,49,0.03475712396747653
22,23,0.04323875325152769
22,24,0.016054183801884937
22,25,0.029640104784675905
22,26,0.022508001161090033
22,27,0.04112026792171475
22,28,0.012146964719776117
22,29,0.01965900854344827
22,30,0.014936496021782326
22,31,0.0181822287134357
22,32,0.024133213238226845
22,33,0.005399605783476512
22,34,0.007435833934427697
22,35,0.010185831259276383
22,36,0.0305750228167994
22,37,0.0173958033081958
22,38,0.008005066251373911
22,39,0.009143460232720493
22,40,0.018207617528639215
22,41,0.012620987793607834
22,42,0.007412861709868925
22,43,0.009596284306916596
22,44,0.03367849453000527
22,45,0.008749900506443418
22,46,0.015144085831772472
22,47,0.008257954783238694
22,48,0.03371061518672757
22,49,0.03774438259524156
23,24,0.030173791613529084
23,25,0.014274582139602596
23,26,0.02298461321956659
23,27,0.0028553740003135018
23,28,0.031274176453748186
23,29,0.02373238400881647
23,30,0.05813273309799752
23,31,0.057990614983034525
23,32,0.02034534947705441
23,33,0.048554904936372476
23,34,0.048252424388829325
23,35,0.05310551187029577
23,36,0.01287093440180916
23,37,0.05887386832532839
23,38,0.04171910071507168
23,39,0.049227115934888564
23,40,0.02645660597168681
23,41,0.05553476534126717
23,42,0.044680328816924644
23,43,0.03823191717382476
23,44,0.010020700527131231
23,45,0.051904075729345134
23,46,0.05794813217247722
23,47,0.037476398294811065
23,48,0.009890094921558781
23,49,0.006680586515383499
24,25,0.019070620200520586
24,26,0.007326752627412638
24,27,0.028660217781296154
24,28,0.009730932266068726
24,29,0.011012651149446254
24,30,0.030327662794518397
24,31,0.02788430983222273
24,32,0.01603656455550817
24,33,0.020511589743001074
24,34,0.018836440508256346
24,35,0.026084495231226065
24,36,0.01907091819122888
24,37,0.029056669999935357
24,38,0.011837617819826538
24,39,0.02465705625957026
24,40,0.003974830760597381
24,41,0.026657293486081528
24,42,0.01490608545955005
24,43,0.008289961260892192
24,44,0.02209132460954087
24,45,0.024458907500390103
24,46,0.0288513934096372
24,47,0.01540337796005675
24,48,0.02028670049977873
24,49,0.023874951103325236
25,26,0.013358304744670924
25,27,0.011781965797993663
25,28,0.017500082135255928
25,29,0.010005808732651783
25,30,0.044360258035129635
25,31,0.045696076919513696
25,32,0.006071177192919283
25,33,0.03502996236032776
25,34,0.035353611699520185
25,35,0.039222864322363264
25,36,0.001981639383959241
25,37,0.04610071237734918
25,38,0.029433138134673558
25,39,0.03506122678849309
25,40,0.015099465763946369
25,41,0.04217812699020326
25,42,0.03217429227696469
25,43,0.026179048510966585
25,44,0.004256901046536018
25,45,0.038137405652296306
25,46,0.04465998881913103
25,47,0.023333167162117488
25,48,0.007268049416138641
25,49,0.010835038943253408
26,27,0.021640763182148796
26,28,0.012878721640284497
26,29,0.009059753878509994
26,30,0.03720315634607672
26,31,0.03519578933844277
26,32,0.012460183214404437
26,33,0.027356021758183535
26,34,0.02606506501538278
26,35,0.03268798766153632
26,36,0.01283359733516862
26,37,0.03637595369896242
26,38,0.019144618506283663
26,39,0.03043856970428138
26,40,0.004308443755702111
26,41,0.03379070996168104
26,42,0.022200794552387472
26,43,0.01559791569262372
26,44,0.015602020768550738
26,45,0.031170131978379114
26,46,0.03604502825996766
26,47,0.01972072233607969
26,48,0.013141783446351706
26,49,0.01658733228609162
27,28,0.029062575582193897
27,29,0.021502459755915415
27,30,0.055960008472267044
27,31,0.056318572736228104
27,32,0.017823666136016065
27,33,0.04647231215225668
27,34,0.04637928587500804
27,35,0.05087926259423546
27,36,0.010564255311144818
27,37,0.057060304494722124
27,38,0.04000150317382561
27,39,0.04683649227092061
27,40,0.024834832147082746
27,41,0.05352284456539047
27,42,0.04291303664280631
27,43,0.036558780179061404
27,44,0.007544227927762353
27,45,0.04972907298933091
27,46,0.055963463016322185
27,47,0.0350986798319126
27,48,0.008554005837730838
27,49,0.006446411588200697
28,29,0.0075601185924819665
28,30,0.026898973802754057
28,31,0.0290669711736943
28,32,0.01204536606103637
28,33,0.01754367450837004
28,34,0.018319104577528864
28,35,0.021832019900294746
28,36,0.01849902308576254
28,37,0.029006283603964896
28,38,0.013614474222656249
28,39,0.018318766143315682
28,40,0.00902806501767774
28,41,0.024729845906660757
28,42,0.0157706491009632
28,43,0.011313829418040397
28,44,0.021576161187281916
28,45,0.020668687795194634
28,46,0.027232789245910455
28,47,0.006925562690157891
28,48,0.022003494784326
28,49,0.026111610572452287
29,30,0.03445850433103062
29,31,0.03588569460522617
29,32,0.005233451956660839
29,33,0.0250397240083035
29,34,0.02540411738875142
29,35,0.029385025785559384
29,36,0.010939035071013839
29,37,0.0361526529656954
29,38,0.019771808324592997
29,39,0.025618358778518212
29,40,0.007633166878742441
29,41,0.03217407453224954
29,42,0.022374014112870183
29,43,0.01673102866785017
29,44,0.01402378879281339
29,45,0.028227878648070182
29,46,0.034654284400452505
29,47,0.013904877864420724
29,48,0.014653646416763816
29,49,0.018781983654851318
30,31,0.013621245843066425
30,32,0.03864306337928704
30,33,0.009847733020699552
30,34,0.012437404260633394
30,35,0.0053021299674169235
30,36,0.045397492060274776
30,37,0.010179316416821522
30,38,0.019332202371770465
30,39,0.011212776432521781
30,40,0.032947553648964976
30,41,0.005261225221348133
30,42,0.01651003265102468
30,43,0.022522169682021236
30,44,0.048472137918911015
30,45,0.00623106981020628
30,46,0.0054827864401877195
30,47,0.02145858126277027
30,48,0.048645420267985094
30,49,0.05268064733045646
31,32,0.04091346036443945
31,33,0.01387592344374363
31,34,0.01089453152618324
31,35,0.015479253644895809
31,36,0.04618761162574813
31,37,0.003692656099794519
31,38,0.016327023096033285
31,39,0.02116555369210008
31,40,0.03153430303090291
31,41,0.009101559379711889
31,42,0.013523940431057462
31,43,0.019765451480072714
31,44,0.049320339851561416
31,45,0.014392438693725874
31,46,0.00814861447712014
31,47,0.02643984485230197
31,48,0.048104595033522914
31,49,0.05175807850683574
32,33,0.029530798254174036
32,34,0.030294252188606326
32,35,0.0334460239782264
32,36,0.007673563950519421
32,37,0.041017925285149484
32,38,0.024920884063008367
32,39,0.029084044504153486
32,40,0.012360760177620625
32,41,0.03674711743091147
32,42,0.027441138466856568
32,43,0.021943929002444615
32,44,0.010325496258258179
32,45,0.032446871320362294
32,46,0.03925948873408396
32,47,0.01740320507592336
32,48,0.012569577612932824
32,49,0.01651291884541118
33,34,0.004831116732209002
33,35,0.005882670403129941
33,36,0.03593972146640623
33,37,0.012458300715526548
33,38,0.010076562375461888
33,39,0.008354923864162183
33,40,0.023105591374806663
33,41,0.007245529868636419
33,42,0.007780360181479029
33,43,0.012932507886893825
33,44,0.039050999850283714
33,45,0.004075389541357868
33,46,0.009780011658046164
33,47,0.013183233280904124
33,48,0.038958112834112955
33,49,0.04295862053143977
34,35,0.010006494228622194
34,36,0.0360167347788107
34,37,0.010749170396559352
34,38,0.007154872135093866
34,39,0.013164944411681914
34,40,0.02202587288929818
34,41,0.007962508892582536
34,42,0.004145918302161778
34,43,0.010612581103409173
34,44,0.03915921304612237
34,45,0.008158579622510737
34,46,0.01002653244735094
34,47,0.015640519511428756
34,48,0.03844949447374873
34,49,0.04230189848246046
35,36,0.04031597877699955
35,37,0.012768911689458989
35,38,0.01595832371157079
35,39,0.006299010553319003
35,40,0.028390921666438303
35,41,0.006489761183627697
35,42,0.013554584246454485
35,43,0.018761800945932175
35,44,0.043367283479886276
35,45,0.0018651071342667437
35,46,0.008443973377052523
35,47,0.01618479950197875
35,48,0.043725476795113224
35,49,0.04779372995238155
36,37,0.04674278352385199
36,38,0.029871422026330304
36,39,0.036356188113035495
36,40,0.015106912590922545
36,41,0.04302636547295074
36,42,0.03269446579984584
36,43,0.02652700673902128
36,44,0.0031427331821904094
36,45,0.039166782833681774
36,46,0.0454841840095186
36,47,0.02460559801733299
36,48,0.005287977392492847
36,49,0.008940003647940658
37,38,0.017237429241821884
37,39,0.01881500530228994
37,40,0.03249766809080503
37,41,0.006287906625339993
37,42,0.014212551460331681
37,43,0.02077995301554965
37,44,0.04988549438926737
37,45,0.011998693766185191
37,46,0.004722786330810318
37,47,0.025550335119906623
37,48,0.04902924658475508
37,49,0.052809295992010556
38,39,0.016881963394834346
38,40,0.015283087171145779
38,41,0.01511060719690589
38,42,0.0030808855629245826
38,43,0.0035479873026654477
38,44,0.033000370921667174
38,45,0.01413234425171395
38,46,0.01715807912046101
38,47,0.013753410953399452
38,48,0.031847544282103075
38,49,0.03558510103979949
39,40,0.026165633360728472
39,41,0.012554653228666328
39,42,0.015421998840238376
39,43,0.018739513763299596
39,44,0.03929309829582941
39,45,0.006825278781249776
39,46,0.014694551279265647
39,47,0.011751346393708836
39,48,0.04024977803266996
39,49,0.04437289114581907
40,41,0.029648357181193928
40,42,0.01828517053042503
40,43,0.01177772434131827
40,44,0.018144707454634798
40,45,0.026887504435365216
40,46,0.03194576904872175
40,47,0.015682981169251018
40,48,0.016573438559026647
40,49,0.020312042419705523
41,42,0.012103248990616731
41,43,0.018523075889007434
41,44,0.04615162885192733
41,45,0.0057760573175328804
41,46,0.0025390069090414527
41,47,0.020332094503424446
41,48,0.045840241146591
41,49,0.049780802888782706
42,43,0.006618488501578755
42,44,0.0358322081361209
42,45,0.011693605024334709
42,46,0.014096797299990999
42,47,0.014638811916932545
42,48,0.03482422132278873
42,49,0.03859700726523425
43,44,0.029642009196774698
43,45,0.017000649694757643
43,46,0.020638577662235206
43,47,0.01315658988636873
43,48,0.028351010187944347
43,49,0.032060360238889786
44,45,0.04224310373538517
44,46,0.04861369684808294
44,47,0.027554452300782364
44,48,0.004987715215390538
44,49,0.007375543919292972
45,46,0.008072212121053683
45,47,0.015388873069502623
45,48,0.04243654099355698
45,49,0.04648215447707527
46,47,0.022866763768277124
46,48,0.04822331828818668
46,49,0.05214038743450058
47,48,0.02855722100268415
47,49,0.03268506034242483
48,49,0.004128487051287767
